num_clients,round_num,average_accuracy,accuracy_std,worst_client_accuracy,best_client_accuracy,average_precision,precision_std,average_recall,recall_std,average_f1_score,f1_score_std,total_communication_time,average_client_latency,aggregation_time,memory_usage_mb,cpu_utilization,throughput_samples_per_sec
2,1,0.27060393727060394,0.27060393727060394,0.0,0.5412078745412079,0.2573891921459773,0.2573891921459773,0.27060393727060394,0.27060393727060394,0.25473339075628837,0.25473339075628837,4.7265424728393555,1.643168330192566,0.016511917114257812,1654.56640625,100.0,413.62041890151494
3,2,0.5186297408519631,0.3857787319564046,0.0,0.9245912579245913,0.5147861383478235,0.3733465313915055,0.5186297408519631,0.3857787319564046,0.48756431066049966,0.3702160831798794,5.847885608673096,1.8267842928568523,0.019952774047851562,2078.37109375,100.0,505.13870718058826
6,3,0.538427316205094,0.39919449456469425,0.0,0.9586252919586253,0.512588254898766,0.3818785780833386,0.538427316205094,0.39919449456469425,0.5140393999233608,0.38856064089707715,9.589090347290039,3.24016265074412,0.03319835662841797,3239.8046875,93.8,616.116023592768
8,4,0.539039039039039,0.4290687127547454,0.0,0.9636302969636303,0.5260673937275566,0.41749085852116913,0.539039039039039,0.4290687127547454,0.5220541833716661,0.4213695986715552,11.061700105667114,3.515553802251816,0.04365110397338867,4164.03515625,94.3,639.4127627392804
9,5,0.5803581359136916,0.41891185765126,0.0,0.980980980980981,0.5571272524833828,0.403740487672666,0.5803581359136916,0.41891185765126,0.5652440748872061,0.4098647259019921,12.32717251777649,4.020769516626994,0.04810285568237305,4753.87109375,93.7,654.8128607387681
9,6,0.5953731509287066,0.4268084551544176,0.0,0.980980980980981,0.5697414788985241,0.41526326754056386,0.5953731509287066,0.4268084551544176,0.5790161648700818,0.4180465642610672,12.111921310424805,4.055052704281277,0.04751396179199219,5061.8515625,93.8,666.4501338582351
9,7,0.6062729396062729,0.43298338721531465,0.0,0.980980980980981,0.5962480143437108,0.42625065708479487,0.6062729396062729,0.43298338721531465,0.5930257775065872,0.42648181094637505,12.138710021972656,4.0671149889628095,0.04727983474731445,5347.12890625,93.8,664.9792404380277
9,8,0.6176176176176176,0.4396112501284396,0.0,0.980980980980981,0.6091970066400711,0.43376325414636746,0.6176176176176176,0.4396112501284396,0.6093802159553954,0.4349030110817576,12.518276929855347,4.035162846247355,0.04729318618774414,5625.59765625,93.8,644.816318068141
9,9,0.6275534794053312,0.4454857191001354,0.0,0.9813146479813146,0.6200786445999206,0.440231721245697,0.6275534794053312,0.4454857191001354,0.6223199074666006,0.4420732227748478,12.56709361076355,4.080290052625868,0.04753375053405762,5885.92578125,93.7,642.3117739008773
9,10,0.6359693026359693,0.45060347188246097,0.0,0.987987987987988,0.633304510298055,0.44869254071759135,0.6359693026359693,0.45060347188246097,0.6332789077449765,0.44870932541540687,12.052119016647339,4.030236747529772,0.04701423645019531,6187.5859375,93.8,669.7569322222977
9,11,0.6450153857561265,0.4566344328990707,0.0,0.990990990990991,0.6426563628055566,0.4549673850531386,0.6450153857561265,0.4566344328990707,0.64364842522407,0.45566787395130687,12.882155656814575,4.048494233025445,0.048703670501708984,6446.6328125,94.4,626.6025770671682
9,12,0.6487969450932414,0.45907422289914607,0.0,0.9946613279946613,0.6466261926083509,0.4575441308792886,0.6487969450932414,0.45907422289914607,0.6476682432906258,0.45827043731222983,12.59498906135559,4.088023477130466,0.048111677169799805,6729.5390625,93.7,640.8889734075088
9,13,0.6530604678752828,0.4619418687432426,0.0,0.9973306639973306,0.6530695190597902,0.46194917849172284,0.6530604678752828,0.4619418687432426,0.6521365620324221,0.4612914067943827,12.239888668060303,4.060237566630046,0.04852771759033203,6992.375,93.8,659.4823390722736
9,14,0.655915174433693,0.4638827871628741,0.0,0.9966633299966633,0.6559284805722483,0.4638921349138682,0.655915174433693,0.4638827871628741,0.6554586169534793,0.4635594499376243,12.240829229354858,4.076123873392741,0.04705381393432617,7262.8828125,93.8,659.4316272719806
9,15,0.6586215845475105,0.4657668228095029,0.0,0.997997997997998,0.6586413576111549,0.4657804086309656,0.6586215845475105,0.4657668228095029,0.6583366704782768,0.46556566670096244,12.761542558670044,4.112182749642266,0.04914450645446777,7535.2421875,100.0,632.5247293704666
9,16,0.6601045489934378,0.4667942105815894,0.0,0.997997997997998,0.6600763705554876,0.4667739821114874,0.6601045489934378,0.4667942105815894,0.660012262842741,0.4667285778933473,12.596306562423706,4.095760901769002,0.047334909439086914,7803.828125,93.8,640.8219280716634
9,17,0.6616245875505135,0.4678635757026729,0.0,0.9983316649983317,0.6615954629281356,0.46784286543276554,0.6616245875505135,0.4678635757026729,0.6615484479938398,0.46780970885997053,12.497228860855103,4.062403334511651,0.048754215240478516,8077.984375,93.8,645.9023284454447
9,18,0.6623660697734771,0.46838767068687265,0.0,0.9996663329996663,0.6623608037953624,0.46838382327326566,0.6623660697734771,0.46838767068687265,0.6623439724614166,0.46837192670837435,12.498355627059937,4.0810107654995385,0.04753232002258301,8349.76953125,93.8,645.8442339109704
9,19,0.6629963296629965,0.4688280074708976,0.0,0.9986653319986654,0.6630013580898423,0.46883152331563777,0.6629963296629965,0.4688280074708976,0.6629758664944598,0.4688134403007094,12.250389337539673,4.039707793129815,0.04793143272399902,8628.04296875,93.8,658.916999796154
9,20,0.6625885144403664,0.4685476212876818,0.0,0.9993326659993327,0.6625845424936878,0.46854478888526446,0.6625885144403664,0.4685476212876818,0.6625820639603354,0.4685430146939457,12.209414958953857,4.05963200993008,0.0484776496887207,8926.55859375,94.3,661.1282353305994
9,21,0.66373781188596,0.4693461700742987,0.0,0.9993326659993327,0.6637431904948288,0.46934992487984967,0.66373781188596,0.4693461700742987,0.6637328629917353,0.46934262651427955,12.205302476882935,4.082212103737725,0.04740476608276367,9228.8359375,93.8,661.3510874925175
9,22,0.66373781188596,0.46934490495188785,0.0,0.9993326659993327,0.663738343720164,0.46934527658504277,0.66373781188596,0.46934490495188785,0.6637373400926666,0.46934456423260623,12.096338748931885,4.026701476838854,0.048233747482299805,9501.55859375,93.8,667.3085651463892
9,23,0.6638119601082564,0.46939519972629706,0.0,0.9996663329996663,0.6638123666507796,0.4693954847387099,0.6638119601082564,0.46939519972629706,0.6638102373698622,0.4693939687034926,12.593541860580444,4.017038769192165,0.04885292053222656,9761.15234375,93.8,640.9626581807822
9,24,0.664330997664331,0.4697613209096525,0.0,0.9996663329996663,0.6643349707519518,0.4697640951650075,0.664330997664331,0.4697613209096525,0.6643315901510477,0.46976173172672253,12.119056701660156,4.051215516196357,0.0471649169921875,10033.05078125,93.8,666.0576406134602
9,25,0.6649983316649984,0.4702294796135729,0.0,1.0,0.6649996753960706,0.4702304255485223,0.6649983316649984,0.4702294796135729,0.6649985391896656,0.4702296252094196,11.861264944076538,4.01950208346049,0.04717683792114258,10329.15625,93.8,680.5335964954404
9,26,0.6649983316649982,0.470227217191401,0.0,1.0,0.6649970464559065,0.4702263052245296,0.6649983316649982,0.470227217191401,0.6649973659412152,0.4702265324754517,12.583048820495605,4.038629955715603,0.04787397384643555,10588.125,93.8,641.497170255123
9,27,0.6649612575538502,0.47020307816452667,0.0,0.9996663329996663,0.6649623526816597,0.47020385125593117,0.6649612575538502,0.47020307816452667,0.6649612557888767,0.4702030755971847,12.210967063903809,4.054036829206678,0.047185659408569336,10864.8359375,93.8,661.0442140246897
9,28,0.6648500352204056,0.47012474202328425,0.0,0.9996663329996663,0.6648509927512247,0.47012541562468546,0.6648500352204056,0.47012474202328425,0.6648501655401611,0.47012483320912385,12.335136890411377,4.065164354112413,0.04727792739868164,11135.4375,93.8,654.3900837634383
9,29,0.6649612575538502,0.47020026313072194,0.0,0.9993326659993327,0.6649633169141119,0.4702017153342785,0.6649612575538502,0.47020026313072194,0.6649614898693321,0.4702004277039083,12.394284963607788,4.038624578052097,0.050681352615356445,11636.01171875,93.8,651.2671280918332
9,30,0.6652578504430356,0.4704110897148066,0.0,1.0,0.6652587384067956,0.47041171374608826,0.6652578504430356,0.4704110897148066,0.6652579575212907,0.47041116443945086,12.97078275680542,4.0553310712178545,0.06593942642211914,12143.375,95.6,622.3209777493613
