round,client_id,task,accuracy,loss,samples_processed,correct_predictions,f1_score,pearson_correlation,spearman_correlation,mae,mse,rmse,val_accuracy,val_loss,val_samples,val_correct_predictions,val_f1_score,val_pearson_correlation,val_spearman_correlation,val_mae,global_model_val_accuracy,global_model_val_loss,global_model_val_samples,global_model_val_correct_predictions,global_model_val_f1,global_model_val_precision,global_model_val_recall,global_model_val_pearson,global_model_val_spearman,timestamp
1,stsb_client,stsb,0.08080716236052278,0.13181654406935536,4249,821,,0.08080716236052278,0.09093844122299104,0.2941735834301931,0.13163886867668703,0.36282071147701456,0.2569483310213928,0.0949910768069961,1500,295,,0.2569483310213928,0.226635758699315,0.2595241963863373,0.6561149835018416,0.34388501437505087,1500,,,,,-0.06492924099794821,-0.05089206606830985,2026-02-05 07:10:49
1,sst2_client,sst2,0.7947560810505889,0.43927911104416983,66477,52833,0.7946479072338383,,,,,,0.8681192660550459,0.32924212229976413,872,757,0.8683844426158317,,,,0.47477064220183485,0.7314923061143368,872,414,0.5307377049180328,0.5318275154004107,0.5296523517382413,,,2026-02-05 07:11:29
1,qqp_client,qqp,0.7402130389746919,0.5087984773017615,323415,239396,0.7368228791466979,,,,,,0.7778684672652173,0.4676797673715036,40431,31450,0.7721845336279418,,,,0.4202221067992382,0.7962677631697551,40431,16990,0.49778253883235135,0.3655558702287674,0.779873791621912,,,2026-02-05 07:14:50
2,stsb_client,stsb,0.15556164167209685,0.11054829305285786,4249,946,,0.15556164167209685,0.15412689329629728,0.27179092179482356,0.11072985489436743,0.33276095758722574,0.36284047403708314,0.0796299813354903,1500,329,,0.36284047403708314,0.3456952175218737,0.23840461671352386,0.7741903962891897,0.2258096034526825,1500,,,,,-0.023286100801427272,-0.01825143806229532,2026-02-05 07:15:19
2,sst2_client,sst2,0.8384102772387442,0.3795220678805561,66477,55735,0.8385307181215778,,,,,,0.8692660550458715,0.36561178413877654,872,758,0.8682330158146612,,,,0.7201834862385321,0.5489949761727534,872,628,0.7900172117039587,0.6820208023774146,0.9386503067484663,,,2026-02-05 07:16:00
2,qqp_client,qqp,0.7634185180031847,0.4771723750964241,323415,246901,0.761861894073953,,,,,,0.7828646335732482,0.4566963642148642,40431,31652,0.7769725637463161,,,,0.6475724073112216,0.6314505211221529,40431,26182,0.6102890900637257,0.5149305395301611,0.7489930182599356,,,2026-02-05 07:19:22
3,stsb_client,stsb,0.328186270607427,0.09341734082655127,4249,1009,,0.328186270607427,0.31526783499527256,0.248136609366392,0.09355254620946506,0.3058636072001131,0.5572659643027654,0.06178230329595031,1500,456,,0.5572659643027654,0.4970319823396754,0.1994452327489853,0.8588765827697988,0.14112341751654942,1500,,,,,0.05333446586952,0.06023638215749224,2026-02-05 07:19:50
3,sst2_client,sst2,0.8557245363057899,0.35088607010893325,66477,56886,0.8558358659116171,,,,,,0.8853211009174312,0.322410712437277,872,772,0.8851035603645536,,,,0.7477064220183486,0.4812327425140853,872,652,0.8113207547169812,0.6986706056129985,0.967280163599182,,,2026-02-05 07:20:29
3,qqp_client,qqp,0.7754896959015506,0.45919765982374466,323415,250805,0.7744886240974872,,,,,,0.7899136800969553,0.4501758866892191,40431,31937,0.7865302030387313,,,,0.7174198016373575,0.5579828028473268,40431,29006,0.686994876852689,0.5803286276324925,0.841702470461869,,,2026-02-05 07:23:53
4,stsb_client,stsb,0.40145617440706965,0.08563719823242243,4249,1077,,0.40145617440706965,0.381228851943282,0.23559791385881107,0.0857421512950546,0.29281760755640124,0.5742138230128847,0.061778455457471786,1500,480,,0.5742138230128847,0.5127487335038806,0.1976580023765564,0.8862866398266958,0.1137133608063062,1500,,,,,0.30419953774738034,0.2961707386363831,2026-02-05 07:24:21
4,sst2_client,sst2,0.8693683529641831,0.3306309944333645,66477,57793,0.8694981219068446,,,,,,0.8887614678899083,0.32385058505375175,872,775,0.8887770546058502,,,,0.8061926605504587,0.41675719796517574,872,703,0.8470588235294118,0.7597402597402597,0.9570552147239264,,,2026-02-05 07:25:01
4,qqp_client,qqp,0.7843699271833403,0.4455878180415638,323415,253677,0.7836406988306157,,,,,,0.7958249857782395,0.44264146300135193,40431,32176,0.7964455386435282,,,,0.7534070391531251,0.5027103916590822,40431,30461,0.7112321149278805,0.6254712175241977,0.8242481203007519,,,2026-02-05 07:28:23
5,stsb_client,stsb,0.4355282816607216,0.08141326725559968,4249,1164,,0.4355282816607216,0.4110922718873111,0.22915611937041527,0.08152900114475241,0.2855328372442518,0.576882068576415,0.06301858813620786,1500,473,,0.576882068576415,0.5171902749824188,0.1997215300798416,0.8921778529256206,0.10782214610278607,1500,,,,,0.4300240350795815,0.40086547705071646,2026-02-05 07:28:51
5,sst2_client,sst2,0.8771153932939212,0.3175184904587613,66477,58308,0.8772314570925677,,,,,,0.893348623853211,0.336799544017386,872,779,0.8933925774062493,,,,0.8325688073394495,0.37700680752686405,872,726,0.8640595903165735,0.7931623931623931,0.9488752556237219,,,2026-02-05 07:29:30
5,qqp_client,qqp,0.7904982762085865,0.4361356584812799,323415,255659,0.7899006360106305,,,,,,0.7959981202542603,0.4619072173666069,40431,32183,0.7929720271741263,,,,0.7461353911602483,0.5005872674977965,40431,30167,0.7151262836525119,0.6095864483770228,0.8648630504833512,,,2026-02-05 07:32:55
6,stsb_client,stsb,0.45921868511846187,0.07861203574916852,4249,1150,,0.45921868511846187,0.4282484623552212,0.22564621893134496,0.07873698843975739,0.2806011198120161,0.5715212203874898,0.05979575329222419,1500,468,,0.5715212203874898,0.5147023068978166,0.19545277953147888,0.8866572965869767,0.11334270410736402,1500,,,,,0.46669211659768045,0.433396398223017,2026-02-05 07:33:23
6,sst2_client,sst2,0.886005686177174,0.3057284298888604,66477,58899,0.8861182550494581,,,,,,0.893348623853211,0.34576644118311345,872,779,0.8932357833690954,,,,0.8509174311926605,0.36385837646730995,872,742,0.8766603415559772,0.8176991150442477,0.9447852760736196,,,2026-02-05 07:34:02
6,qqp_client,qqp,0.7968121453859592,0.4276935573845411,323415,257701,0.7962904528331708,,,,,,0.7950335138878584,0.46748377791512646,40431,32144,0.7897554772500928,,,,0.7616432935124039,0.4731722240060305,40431,30794,0.7226044155320802,0.6325018896447467,0.8426423200859291,,,2026-02-05 07:37:25
7,stsb_client,stsb,0.4610136668255908,0.07911148405794922,4249,1189,,0.4610136668255908,0.43852583207425966,0.224569316966791,0.07866822895821925,0.2804785712995188,0.5759128258178839,0.0644765728291996,1500,469,,0.5759128258178839,0.5205566289970093,0.2014560103416443,0.8700729339194982,0.1299270662367344,1500,,,,,0.48320323369932017,0.4484436845610369,2026-02-05 07:37:53
7,sst2_client,sst2,0.8903079260496112,0.2973395632906754,66477,59185,0.8904152741027699,,,,,,0.893348623853211,0.3189780312662927,872,779,0.8932357833690954,,,,0.8635321100917431,0.3364165055847496,872,753,0.8852459016393442,0.8375912408759124,0.9386503067484663,,,2026-02-05 07:38:33
7,qqp_client,qqp,0.8015212652474375,0.42050944312384186,323415,259224,0.8011156749071134,,,,,,0.8008706190794193,0.44561698159691626,40431,32380,0.7974964332727149,,,,0.7703000173134475,0.46009905416834396,40431,31144,0.7243641112397232,0.6491993403202638,0.8192132116004296,,,2026-02-05 07:41:57
8,stsb_client,stsb,0.47335235421219424,0.07685423554910376,4249,1143,,0.47335235421219424,0.4432765457917496,0.22345006950291663,0.0769773071051013,0.2774478457388006,0.5849190633049586,0.06126599961971032,1500,501,,0.5849190633049586,0.5267261171585373,0.1950664073228836,0.8960686418829126,0.10393135873476664,1500,,,,,0.49035281923628504,0.45196555197289423,2026-02-05 07:42:25
8,sst2_client,sst2,0.8942491387998857,0.29139988875972267,66477,59447,0.8943557477465262,,,,,,0.9002293577981652,0.33312258889915747,872,785,0.9002704756381043,,,,0.8761467889908257,0.3277747718224285,872,764,0.8953488372093023,0.850828729281768,0.9447852760736196,,,2026-02-05 07:43:07
8,qqp_client,qqp,0.8061994650835613,0.4137869915925496,323415,260737,0.8058625979926877,,,,,,0.7993866092849546,0.4640218069717741,40431,32320,0.7950718063686275,,,,0.7713882911627217,0.46073555725141696,40431,31188,0.7266920961589639,0.6493684933678592,0.8249194414607949,,,2026-02-05 07:46:28
9,stsb_client,stsb,0.497088753007142,0.07461661026336924,4249,1199,,0.497088753007142,0.4676871510348655,0.21765540656803545,0.07365123754862146,0.27138761495068536,0.5666208407847179,0.06102459761314094,1500,508,,0.5666208407847179,0.5101472421541937,0.1944195181131363,0.8911567288201344,0.10884327167272567,1500,,,,,0.5183845421351153,0.4754230828147666,2026-02-05 07:46:57
9,sst2_client,sst2,0.897543511289619,0.2857743581360493,66477,59666,0.8976430201966251,,,,,,0.8990825688073395,0.3340260683902787,872,784,0.8991632614376669,,,,0.8841743119266054,0.31471154822566366,872,771,0.9000989119683481,0.8716475095785441,0.9304703476482618,,,2026-02-05 07:47:36
9,qqp_client,qqp,0.8091368674922313,0.4093931488338265,323415,261687,0.808861658576325,,,,,,0.8020330934184166,0.443417577562595,40431,32427,0.7992010582447099,,,,0.7700774158442779,0.46002156210568984,40431,31135,0.7283618724796914,0.6448825416537307,0.8366675617615468,,,2026-02-05 07:50:59
10,stsb_client,stsb,0.4999507907381485,0.07412552046834638,4249,1193,,0.4999507907381485,0.4765764176699596,0.21823372562308715,0.07388680411358317,0.2718212723713565,0.5754527319626719,0.06400476072102468,1500,479,,0.5754527319626719,0.5187929021579055,0.19974714517593384,0.900348887065978,0.09965111229817072,1500,,,,,0.516313227921796,0.46952728349034606,2026-02-05 07:51:27
10,sst2_client,sst2,0.9016351520074612,0.27667006678421446,66477,59938,0.9017092303898676,,,,,,0.8990825688073395,0.36048029370204365,872,784,0.8989918856214154,,,,0.8967889908256881,0.29730987614618803,872,782,0.9096385542168675,0.893491124260355,0.9263803680981595,,,2026-02-05 07:52:07
10,qqp_client,qqp,0.8117743456549634,0.40483365471791793,323415,262540,0.8114644986136553,,,,,,0.8060399198634711,0.4514940199339014,40431,32589,0.8045539955441932,,,,0.7728970344537607,0.45651038821813084,40431,31249,0.7310328666002694,0.6484772892630704,0.8376745435016112,,,2026-02-05 07:55:29
11,stsb_client,stsb,0.5035374931453428,0.07380682195304833,4249,1199,,0.5035374931453428,0.4742539942329896,0.2176966951391972,0.07392841396462532,0.2718978005880616,0.5695947004269621,0.06673118190720995,1500,483,,0.5695947004269621,0.5156523100751395,0.20346993207931519,0.8830043289824858,0.11699567212412755,1500,,,,,0.521158895967636,0.471283450414814,2026-02-05 07:55:59
11,sst2_client,sst2,0.9038614859274636,0.27613839850406285,66477,60086,0.9039415680059888,,,,,,0.9025229357798165,0.3280206701233385,872,787,0.9025365942422399,,,,0.8899082568807339,0.31458785472044704,872,776,0.904572564612326,0.8800773694390716,0.9304703476482618,,,2026-02-05 07:56:38
11,qqp_client,qqp,0.8142170276579627,0.40132543920774366,323415,263330,0.8139952136823431,,,,,,0.803442902723158,0.4597250876554259,40431,32484,0.7993948130976404,,,,0.7727981004674631,0.4595712054339239,40431,31245,0.733089260808926,0.6462602459016393,0.8468716433941997,,,2026-02-05 08:00:00
12,stsb_client,stsb,0.502815436948713,0.07501282362719032,4249,1178,,0.502815436948713,0.4763255567495411,0.21861765740926328,0.07488301783964094,0.273647616177523,0.5656376435322443,0.06436385383997906,1500,489,,0.5656376435322443,0.5145302596807151,0.1985057145357132,0.8845249418610593,0.11547505702575048,1500,,,,,0.5173491021708437,0.4714686709922271,2026-02-05 08:00:29
12,sst2_client,sst2,0.9048091821231403,0.2721369668337596,66477,60149,0.9048917999802297,,,,,,0.893348623853211,0.34870430811494163,872,779,0.8932008853205667,,,,0.8990825688073395,0.3138618034421714,872,784,0.9125248508946323,0.8878143133462283,0.9386503067484663,,,2026-02-05 08:01:09
12,qqp_client,qqp,0.8164463614860165,0.3978699226691192,323415,264051,0.8162178019073275,,,,,,0.8046053770621553,0.4611151585440904,40431,32531,0.8012406137902939,,,,0.7783384037001311,0.45291990731157045,40431,31469,0.735914662894861,0.6558298319327731,0.8382787325456499,,,2026-02-05 08:04:31
13,stsb_client,stsb,0.512616098403841,0.07335173031070123,4249,1234,,0.512616098403841,0.487498142149273,0.21577801116562242,0.07319171997052501,0.27053968280184887,0.5717652639710755,0.0664034368064096,1500,487,,0.5717652639710755,0.5171409567254658,0.20222222805023193,0.8873302754914806,0.11266972514986992,1500,,,,,0.5210320869992247,0.4724763294412105,2026-02-05 08:04:59
13,sst2_client,sst2,0.9055312363674655,0.26874300365163367,66477,60197,0.905614369882003,,,,,,0.9025229357798165,0.35242397712817025,872,787,0.9023549247690942,,,,0.8944954128440367,0.3199585956786204,872,780,0.9089108910891088,0.8809980806142035,0.9386503067484663,,,2026-02-05 08:05:39
13,qqp_client,qqp,0.8184994511695499,0.3942027104498825,323415,264715,0.818332609953281,,,,,,0.8078701986099774,0.4544262723880405,40431,32663,0.8055933655779,,,,0.7758403205461156,0.4569707561969545,40431,31368,0.7349767523466971,0.651106160302575,0.8436493018259935,,,2026-02-05 08:09:02
14,stsb_client,stsb,0.5044514692603033,0.07446573823655403,4249,1215,,0.5044514692603033,0.48021336406151754,0.21746960444326335,0.0745730785549478,0.27308071802115175,0.5591465476139776,0.06443985293995827,1500,506,,0.5591465476139776,0.5106161383422732,0.19824525713920593,0.8872895037633789,0.11271049525837104,1500,,,,,0.5205893610423558,0.47059012137380707,2026-02-05 08:09:30
14,sst2_client,sst2,0.9078779126615221,0.26509531549499293,66477,60353,0.9079531020137332,,,,,,0.9002293577981652,0.34833288992063033,872,785,0.9001237973452828,,,,0.8956422018348624,0.32423319816247587,872,781,0.9101678183613031,0.8797709923664122,0.9427402862985685,,,2026-02-05 08:10:10
14,qqp_client,qqp,0.820654576936753,0.39203503452807953,323415,265412,0.8205344607231966,,,,,,0.8055699834285573,0.45771838940822285,40431,32570,0.8020029633210244,,,,0.7776458657960476,0.4557321212974051,40431,31441,0.73679587773744,0.6533229491173417,0.8447234156820623,,,2026-02-05 08:13:33
15,stsb_client,stsb,0.49571270223523145,0.07639031071930115,4249,1200,,0.49571270223523145,0.4689705527401047,0.2208552419283171,0.0764936938835515,0.2765749335777765,0.5562765630818828,0.06579148355732731,1500,491,,0.5562765630818828,0.5087251579812606,0.2000289261341095,0.8913253865418074,0.10867461365958055,1500,,,,,0.5162781411080765,0.4720618013623382,2026-02-05 08:14:01
15,sst2_client,sst2,0.9091565503858478,0.2635316455899542,66477,60438,0.909229165359655,,,,,,0.8990825688073395,0.35914801953225867,872,784,0.8989594243398772,,,,0.9013761467889908,0.3185960291500349,872,786,0.9145129224652087,0.8897485493230174,0.9406952965235174,,,2026-02-05 08:14:40
15,qqp_client,qqp,0.8215234296492123,0.3896062654349163,323415,265693,0.8213603224191396,,,,,,0.808983205955826,0.43998357510104996,40431,32708,0.8078034934391243,,,,0.782790433083525,0.44898991034550495,40431,31649,0.7397771719805619,0.6621578612348823,0.8380102040816326,,,2026-02-05 08:18:03
16,stsb_client,stsb,0.49716827767480454,0.07685497259244994,4249,1250,,0.49716827767480454,0.4718436941984865,0.2184238742520144,0.07625793776039594,0.2761483980768238,0.5539225608812558,0.06511352965211932,1500,489,,0.5539225608812558,0.5092884543554633,0.19933031499385834,0.8932552218065462,0.10674477827548981,1500,,,,,0.51642706401154,0.4716698440748474,2026-02-05 08:18:31
16,sst2_client,sst2,0.9115483550701746,0.2591984009709998,66477,60597,0.9116175627081317,,,,,,0.9036697247706422,0.3447281233133287,872,788,0.9035831635477147,,,,0.8990825688073395,0.3241894337810029,872,784,0.9125248508946323,0.8878143133462283,0.9386503067484663,,,2026-02-05 08:19:11
16,qqp_client,qqp,0.8232920550994852,0.3875745561950289,323415,266265,0.8231641631526112,,,,,,0.8076723306373822,0.4517674231959811,40431,32655,0.8050549039915487,,,,0.7814300907719324,0.449783264961171,40431,31594,0.7393907222271374,0.659338347446484,0.8415682062298604,,,2026-02-05 08:22:33
17,stsb_client,stsb,0.5359097777999045,0.07058052653494935,4249,1248,,0.5359097777999045,0.5152503780212804,0.21263498981227053,0.07069389258992843,0.26588323111833967,0.5462522002376244,0.06596638005167405,1500,514,,0.5462522002376244,0.49940583645746106,0.20044279098510742,0.8992842553018633,0.10071574521064758,1500,,,,,0.5175191267834747,0.47377927198569614,2026-02-05 08:23:01
17,sst2_client,sst2,0.9112775847285527,0.2615386057669388,66477,60579,0.9113445387767437,,,,,,0.9025229357798165,0.3528301183224032,872,787,0.9023879059381525,,,,0.9002293577981652,0.32658547937972554,872,785,0.913604766633565,0.888030888030888,0.9406952965235174,,,2026-02-05 08:23:41
17,qqp_client,qqp,0.8241330797891254,0.3853876661633745,323415,266537,0.8240073544396247,,,,,,0.8093542084044422,0.44256527561143955,40431,32723,0.8072741672103964,,,,0.7808859538472954,0.45171764088606947,40431,31572,0.7396938265800842,0.657731096828134,0.8449919441460795,,,2026-02-05 08:27:03
18,stsb_client,stsb,0.5215078022779964,0.07219860365061104,4249,1212,,0.5215078022779964,0.49665358591997677,0.2149285050744669,0.072197363167018,0.26869567016797646,0.5534916219716686,0.06629871203009277,1500,522,,0.5534916219716686,0.5031730438699636,0.2004670798778534,0.8991265269650621,0.10087347345550855,1500,,,,,0.5165183204588325,0.4725644026640277,2026-02-05 08:27:32
18,sst2_client,sst2,0.9123757088917972,0.2580505023378275,66477,60652,0.9124444040641423,,,,,,0.9059633027522935,0.3569561536733591,872,790,0.9057515265595385,,,,0.8967889908256881,0.3298371537426196,872,782,0.9108910891089109,0.8829174664107485,0.9406952965235174,,,2026-02-05 08:28:11
18,qqp_client,qqp,0.8252833047323099,0.3843562075277623,323415,266909,0.8252092445826256,,,,,,0.8092305409215701,0.46096913041148907,40431,32718,0.807028204341125,,,,0.7828151665800994,0.44949904522936857,40431,31650,0.741118547126979,0.6607264889870157,0.8437835660580022,,,2026-02-05 08:31:35
19,stsb_client,stsb,0.5012557030717688,0.07737601945820943,4249,1192,,0.5012557030717688,0.47096547192758337,0.2212248777336785,0.07715649534414643,0.2777705804151088,0.5406586087082683,0.06747374609806278,1500,501,,0.5406586087082683,0.49239673161516034,0.20259924232959747,0.8952810301889448,0.10471897003551324,1500,,,,,0.5181684119357275,0.4744015744811003,2026-02-05 08:32:03
19,sst2_client,sst2,0.9127367360139598,0.25945074214084773,66477,60676,0.9127970161414898,,,,,,0.9025229357798165,0.34734366612226936,872,787,0.902419802004012,,,,0.8910550458715596,0.3440755163661179,872,777,0.9065880039331368,0.8731060606060606,0.9427402862985685,,,2026-02-05 08:32:42
19,qqp_client,qqp,0.8264830017160614,0.3820811443237224,323415,267297,0.8263847180510152,,,,,,0.8098488783359303,0.45716020626643966,40431,32743,0.8076237482099079,,,,0.7868467265217284,0.4471577312091059,40431,31813,0.7442122759111955,0.6670036177910194,0.8416353383458647,,,2026-02-05 08:36:06
20,stsb_client,stsb,0.503245955177811,0.07572385960230534,4249,1245,,0.503245955177811,0.4851082838007727,0.21838572457372252,0.07564837957714021,0.2750425050372037,0.5485485760007444,0.06909356380693932,1500,500,,0.5485485760007444,0.5007997319704581,0.20354309678077698,0.8972978476358807,0.10270215221246083,1500,,,,,0.5139272483284383,0.47105799272996596,2026-02-05 08:36:33
20,sst2_client,sst2,0.9135640898355822,0.2551925346415496,66477,60731,0.9136301204739774,,,,,,0.9048165137614679,0.3568418373454174,872,789,0.9046191882257889,,,,0.893348623853211,0.34303958529452666,872,779,0.9083743842364532,0.876425855513308,0.9427402862985685,,,2026-02-05 08:37:12
20,qqp_client,qqp,0.8273085663930244,0.3804439986687317,323415,267564,0.8272330901132702,,,,,,0.806213054339492,0.47795416929268547,40431,32596,0.8023344819859624,,,,0.7859563206450496,0.44861928549837987,40431,31777,0.7434027160054558,0.6657461497610196,0.8415682062298604,,,2026-02-05 08:40:36
21,stsb_client,stsb,0.5180401548692346,0.07552857625060119,4249,1209,,0.5180401548692346,0.49561581033713586,0.21792821445743227,0.07548420924249373,0.2747438975527823,0.542610331600371,0.06975127026894466,1500,487,,0.542610331600371,0.49594855885669986,0.20541338622570038,0.8997568848286304,0.10024311499794324,1500,,,,,0.5170588474906394,0.4734358856818828,2026-02-05 08:41:05
21,sst2_client,sst2,0.9125562224528785,0.25623679982292213,66477,60664,0.912610557807955,,,,,,0.9048165137614679,0.3518765743270756,872,789,0.9046846610925489,,,,0.8967889908256881,0.34925987948065434,872,782,0.9114173228346457,0.8785578747628083,0.9468302658486708,,,2026-02-05 08:41:44
21,qqp_client,qqp,0.8277847347834825,0.37929375188640674,323415,267718,0.8277206482220224,,,,,,0.810615616729737,0.4557716890174098,40431,32774,0.8086405535635699,,,,0.7888501397442557,0.44641385407979833,40431,31894,0.7456728334376024,0.6702908253441165,0.8401584317937701,,,2026-02-05 08:45:09
22,stsb_client,stsb,0.49048435226637127,0.0790229419130776,4249,1174,,0.49048435226637127,0.46711360432712506,0.22493465890558637,0.07913266352640726,0.2813052852799024,0.5426410911038284,0.07020388983507106,1500,494,,0.5426410911038284,0.49823362667691257,0.20607954263687134,0.8986529230880459,0.10134707743426163,1500,,,,,0.5173605596874212,0.47398136314691186,2026-02-05 08:45:38
22,sst2_client,sst2,0.9154895678204492,0.2542496048784341,66477,60859,0.9155464870505536,,,,,,0.9036697247706422,0.348575540502137,872,788,0.9035831635477147,,,,0.893348623853211,0.3540845736754426,872,779,0.9087340529931306,0.8735849056603774,0.9468302658486708,,,2026-02-05 08:46:18
22,qqp_client,qqp,0.8291761359244315,0.3784240402360555,323415,268168,0.8291370691292991,,,,,,0.8086369370037843,0.4654310415167219,40431,32694,0.80557995837569,,,,0.7899384135935297,0.44599943560630617,40431,31938,0.7464851795468793,0.6720773985487772,0.8394199785177229,,,2026-02-05 08:49:40
23,stsb_client,stsb,0.5202743262902138,0.07600931361093557,4249,1151,,0.5202743262902138,0.496473771654045,0.22020533615839422,0.07598351749947509,0.2756510792641217,0.537123076685302,0.07315891665317356,1500,471,,0.537123076685302,0.4935382324654095,0.21101586520671844,0.8971298665406315,0.10287013398607572,1500,,,,,0.5153492630429052,0.4739027642321187,2026-02-05 08:50:08
23,sst2_client,sst2,0.915504610617206,0.25057200470701263,66477,60860,0.9155677202637693,,,,,,0.9048165137614679,0.35192251473199576,872,789,0.9046524559509977,,,,0.8967889908256881,0.3461891386119666,872,782,0.9110671936758893,0.8814531548757171,0.9427402862985685,,,2026-02-05 08:50:48
23,qqp_client,qqp,0.8291946879396441,0.3771910549888999,323415,268174,0.8291430904889348,,,,,,0.8117286240755855,0.4584422976184536,40431,32819,0.8097327607522697,,,,0.7940936410180307,0.44074398603778936,40431,32106,0.7487854189927275,0.6800964753604122,0.8329081632653061,,,2026-02-05 08:54:12
24,stsb_client,stsb,0.4943127027357258,0.07884267805130186,4249,1165,,0.4943127027357258,0.4746351913897002,0.22408204801423595,0.07894058112332723,0.2809636651300791,0.5375838539106115,0.06952118901833099,1500,518,,0.5375838539106115,0.4930935639444512,0.2046908736228943,0.8976969168749714,0.10230308363835017,1500,,,,,0.514113046056578,0.47304157401444513,2026-02-05 08:54:41
24,sst2_client,sst2,0.9155196534139627,0.25335080785972147,66477,60861,0.9155728175639145,,,,,,0.9059633027522935,0.3511934854622093,872,790,0.9057849194989341,,,,0.8956422018348624,0.35043354171601665,872,781,0.9101678183613031,0.8797709923664122,0.9427402862985685,,,2026-02-05 08:55:21
24,qqp_client,qqp,0.8292379759751403,0.3771393377256751,323415,268188,0.8291723343144086,,,,,,0.8108629516954812,0.46074766810158974,40431,32784,0.8086057404660679,,,,0.7937968390591378,0.4423343502347181,40431,32094,0.7487871757013289,0.6792958285495599,0.8341165413533834,,,2026-02-05 08:58:43
25,stsb_client,stsb,0.5018627886481912,0.07820450652502757,4249,1186,,0.5018627886481912,0.48561620425699936,0.22293361526677,0.07830681138922298,0.27983354228759455,0.5350587431070265,0.07004944439184793,1500,510,,0.5350587431070265,0.4942719907698365,0.2052067071199417,0.9031929608543187,0.0968070383866628,1500,,,,,0.5134305551249294,0.4727390088720399,2026-02-05 08:59:11
25,sst2_client,sst2,0.9164673496096394,0.2508600138820062,66477,60924,0.9165274027698682,,,,,,0.9059633027522935,0.34688875432673055,872,790,0.9058172611407764,,,,0.8922018348623854,0.3639937045133818,872,778,0.907843137254902,0.871939736346516,0.9468302658486708,,,2026-02-05 08:59:51
25,qqp_client,qqp,0.8300171606140717,0.37588690059492164,323415,268440,0.8299057201064184,,,,,,0.8112339541440974,0.4601636398406747,40431,32799,0.808982928779862,,,,0.7950335138878584,0.4410166047714902,40431,32144,0.749372448208075,0.681875722384281,0.8316997851772288,,,2026-02-05 09:03:15
26,stsb_client,stsb,0.5127109150532249,0.07615419230104382,4249,1189,,0.5127109150532249,0.49734323119422796,0.22083922703157532,0.07627768570462395,0.27618415179844036,0.5337536864871534,0.07133928355959027,1500,501,,0.5337536864871534,0.4904246507531042,0.20740969479084015,0.9060420732240536,0.09395792705814043,1500,,,,,0.5149810833038755,0.4755092291896411,2026-02-05 09:03:44
26,sst2_client,sst2,0.9166779487642343,0.24990473742500563,66477,60938,0.9167294583066009,,,,,,0.9048165137614679,0.3542474161135567,872,789,0.9046524559509977,,,,0.8956422018348624,0.3549717369173235,872,781,0.9103448275862069,0.8783269961977186,0.9447852760736196,,,2026-02-05 09:04:23
26,qqp_client,qqp,0.8307777932377904,0.37552826281085766,323415,268686,0.8307390927358482,,,,,,0.8093789419010166,0.4696969813771353,40431,32724,0.8064893569645758,,,,0.7967153916549182,0.4399666093106126,40431,32212,0.7502506913002522,0.6853383667351357,0.8287459720730398,,,2026-02-05 09:07:46
27,stsb_client,stsb,0.524995392254612,0.07458661492962979,4249,1254,,0.524995392254612,0.5086155245849321,0.21697898723722508,0.07453164735014929,0.2730048485835907,0.5301646306030289,0.07227701795327061,1500,509,,0.5301646306030289,0.4888327487283413,0.20854583382606506,0.9070691454820909,0.09293085465828578,1500,,,,,0.5131349430934005,0.473559812058494,2026-02-05 09:08:15
27,sst2_client,sst2,0.9158505949426118,0.25001377524170915,66477,60883,0.9159011429617334,,,,,,0.9048165137614679,0.3477269757513401,872,789,0.9046524559509977,,,,0.8979357798165137,0.3560363090780794,872,783,0.912142152023692,0.8816793893129771,0.9447852760736196,,,2026-02-05 09:08:54
27,qqp_client,qqp,0.8309014733392082,0.37539502909736405,323415,268726,0.8308349881713528,,,,,,0.809403675397591,0.4692006655977018,40431,32725,0.8059723600533121,,,,0.7973337290692786,0.43998933772347026,40431,32237,0.750730104648333,0.6864152202937249,0.828343179377014,,,2026-02-05 09:12:21
28,stsb_client,stsb,0.5164290477430371,0.07548823521150402,4249,1194,,0.5164290477430371,0.5009926707404846,0.21914094027436903,0.07560347004781634,0.2749608518458879,0.5300912861253836,0.07371879181269794,1500,491,,0.5300912861253836,0.48984477736674276,0.210693821310997,0.9057741800698663,0.09422582028806209,1500,,,,,0.5125555885715533,0.4742809703337037,2026-02-05 09:12:49
28,sst2_client,sst2,0.9161364080809904,0.24975708166689153,66477,60902,0.9161943397670755,,,,,,0.9059633027522935,0.34271763477884576,872,790,0.9058485544985219,,,,0.893348623853211,0.3589764641322315,872,779,0.9083743842364532,0.876425855513308,0.9427402862985685,,,2026-02-05 09:13:29
28,qqp_client,qqp,0.8316590139603914,0.37450005461574243,323415,268971,0.8316282954009445,,,,,,0.8110855531646509,0.46292877230232304,40431,32793,0.8089412410580596,,,,0.801216888031461,0.43537250292690816,40431,32394,0.7522579451928116,0.6954687945283556,0.8191460794844253,,,2026-02-05 09:16:55
29,stsb_client,stsb,0.4993796180217714,0.07843073793770955,4249,1199,,0.4993796180217714,0.4811346995712539,0.22311470232606742,0.07848703870469934,0.2801553831442461,0.5283052466940509,0.07324587447727297,1500,496,,0.5283052466940509,0.4867092863136922,0.2104131430387497,0.9080323916948463,0.09196760877966881,1500,,,,,0.5130194365500618,0.47458944787864105,2026-02-05 09:17:24
29,sst2_client,sst2,0.9165275207966666,0.2504116127258234,66477,60928,0.9165753947522972,,,,,,0.908256880733945,0.34553830414890835,872,792,0.908082848291643,,,,0.8956422018348624,0.356829007637875,872,781,0.9101678183613031,0.8797709923664122,0.9427402862985685,,,2026-02-05 09:18:05
29,qqp_client,qqp,0.8313281696890992,0.37402561402738416,323415,268864,0.8312074386320718,,,,,,0.8107392842126091,0.46709562741517785,40431,32779,0.8082685663076077,,,,0.8019094259355445,0.4361707923591059,40431,32422,0.7529382731282969,0.6965355858683865,0.819280343716434,,,2026-02-05 09:21:29
30,stsb_client,stsb,0.5022260239358991,0.07992250727064193,4249,1191,,0.5022260239358991,0.4823414502765134,0.22604164400173687,0.08004825300992112,0.2829279996923619,0.5233357984458802,0.07294181767018869,1500,505,,0.5233357984458802,0.4834277620496338,0.20990177989006042,0.9097135603448073,0.09028643936415513,1500,,,,,0.512703517852112,0.47450859824791125,2026-02-05 09:21:58
30,sst2_client,sst2,0.916828376731802,0.24823228536772168,66477,60948,0.9168792644158364,,,,,,0.9059633027522935,0.3406372877305647,872,790,0.9057849194989341,,,,0.8990825688073395,0.3562567442454774,872,784,0.9130434782608695,0.8833652007648184,0.9447852760736196,,,2026-02-05 09:22:37
30,qqp_client,qqp,0.8321661023762039,0.3729080551473223,323415,269135,0.8321190711836224,,,,,,0.8102940812742697,0.4614923650299895,40431,32761,0.8079359790697681,,,,0.8018599589423957,0.4367900011853087,40431,32420,0.7527087513505171,0.6967255271729813,0.8184747583243824,,,2026-02-05 09:26:02
31,stsb_client,stsb,0.5144508603432482,0.07667439613715374,4249,1227,,0.5144508603432482,0.4938719978876743,0.21964981385687957,0.07671028719958707,0.27696622032223905,0.522547297332322,0.07326678485371807,1500,497,,0.522547297332322,0.48495186503765486,0.20986999571323395,0.9097516966152529,0.09024830374121666,1500,,,,,0.5109440868013632,0.47376789919813367,2026-02-05 09:26:30
31,sst2_client,sst2,0.9181822284399116,0.2446500732277581,66477,61038,0.9182346241034384,,,,,,0.9071100917431193,0.3456170880307824,872,791,0.9069499871329014,,,,0.8990825688073395,0.3527005595676259,872,784,0.912871287128713,0.8848368522072937,0.9427402862985685,,,2026-02-05 09:27:10
31,qqp_client,qqp,0.8327628588655442,0.3724408839362603,323415,269328,0.8327193558728994,,,,,,0.8089090054661028,0.47024090884571806,40431,32705,0.8059308058617531,,,,0.8037644381786253,0.43379326035814736,40431,32497,0.7532499844498352,0.7017035577703095,0.8129699248120301,,,2026-02-05 09:30:34
32,stsb_client,stsb,0.5147732398638382,0.07745925123502213,4249,1218,,0.5147732398638382,0.49908738734191205,0.22113605293890895,0.07755572010269722,0.27848827641876994,0.5181185264456297,0.07484780004287654,1500,484,,0.5181185264456297,0.4804966929387294,0.21288971602916718,0.9110898042482357,0.0889101953158776,1500,,,,,0.5092424180643954,0.47331756385483703,2026-02-05 09:31:03
32,sst2_client,sst2,0.9164673496096394,0.2485016935350453,66477,60924,0.9165131121418086,,,,,,0.9071100917431193,0.3403035225365375,872,791,0.9070118113214701,,,,0.8990825688073395,0.35200518135882813,872,784,0.912871287128713,0.8848368522072937,0.9427402862985685,,,2026-02-05 09:31:43
32,qqp_client,qqp,0.8328123309061114,0.37262571222266166,323415,269344,0.832808418157268,,,,,,0.8091316069352724,0.47257938408801425,40431,32714,0.806290951335098,,,,0.8055452499319828,0.4327387601238146,40431,32569,0.7543739065233691,0.7055282842449743,0.8104860365198711,,,2026-02-05 09:35:09
33,stsb_client,stsb,0.5035632451488439,0.07894606039075083,4249,1210,,0.5035632451488439,0.4838694945012307,0.22331669208304122,0.07900929743809182,0.2810859253646326,0.5170397687227317,0.07383781542724117,1500,496,,0.5170397687227317,0.48113635708323155,0.21097637712955475,0.9105866583472624,0.08941334182520708,1500,,,,,0.5075168858912019,0.4726018059402361,2026-02-05 09:35:37
33,sst2_client,sst2,0.9174000030085594,0.2486252368613223,66477,60986,0.9174465819909555,,,,,,0.908256880733945,0.3470845592962236,872,792,0.908050269814184,,,,0.9002293577981652,0.349783800102326,872,785,0.9137760158572844,0.8865384615384615,0.9427402862985685,,,2026-02-05 09:36:18
33,qqp_client,qqp,0.833229751248396,0.3717292473294347,323415,269479,0.833183892645033,,,,,,0.8105414162400139,0.4670744316241854,40431,32771,0.8083874371166858,,,,0.8064603893052361,0.43303164559032503,40431,32606,0.7545560051441298,0.7081542537533118,0.8074650912996778,,,2026-02-05 09:39:40
34,stsb_client,stsb,0.5031636532174948,0.07855843899673537,4249,1245,,0.5031636532174948,0.4847903716643064,0.22268172352563587,0.0786315814835882,0.2804132334316414,0.515290235715306,0.07488272422577869,1500,496,,0.515290235715306,0.4793031422995805,0.21255266666412354,0.9121523775325364,0.08784762243678172,1500,,,,,0.5054869550313831,0.4710796547588415,2026-02-05 09:40:08
34,sst2_client,sst2,0.9172194894474781,0.24950383295352424,66477,60974,0.9172761537139817,,,,,,0.9071100917431193,0.34065332231880807,872,791,0.9069499871329014,,,,0.9002293577981652,0.35497141681150146,872,785,0.9137760158572844,0.8865384615384615,0.9427402862985685,,,2026-02-05 09:40:47
34,qqp_client,qqp,0.8325000386500317,0.3723165049927024,323415,269243,0.8324624628269719,,,,,,0.810615616729737,0.46445268062578177,40431,32774,0.8082240433583765,,,,0.8068561252504266,0.4336152667001552,40431,32622,0.7550885996550103,0.7085761375007358,0.8081364124597207,,,2026-02-05 09:44:11
35,stsb_client,stsb,0.5011823629342311,0.07891496858048372,4249,1186,,0.5011823629342311,0.48294057464795165,0.22436011677279552,0.0789597942300388,0.28099785449365766,0.514927762203157,0.07527780068166395,1500,489,,0.514927762203157,0.47899824277471886,0.2133503258228302,0.9132484872919826,0.08675151291489601,1500,,,,,0.5049550920268244,0.4713457467366235,2026-02-05 09:44:40
35,sst2_client,sst2,0.917625644959911,0.2467992888994066,66477,61001,0.9176663770926442,,,,,,0.9094036697247706,0.3424688859820289,872,793,0.9091831750778889,,,,0.9002293577981652,0.3561146924883093,872,785,0.9137760158572844,0.8865384615384615,0.9427402862985685,,,2026-02-05 09:45:19
35,qqp_client,qqp,0.833495663466444,0.37133451200347306,323415,269565,0.8334979713081422,,,,,,0.8102198807845465,0.469212624094669,40431,32758,0.8076753588924711,,,,0.8075239296579357,0.43296326388574097,40431,32649,0.7550981873111783,0.7107227488151658,0.8053839957035446,,,2026-02-05 09:48:46
36,stsb_client,stsb,0.5056179624335327,0.07816139518815492,4249,1209,,0.5056179624335327,0.49227902235828297,0.22187513515995858,0.07804122689022862,0.2793585990984144,0.5139005940438914,0.07652051242048595,1500,478,,0.5139005940438914,0.4785761187767898,0.21493574976921082,0.9133701191818373,0.08662988103429477,1500,,,,,0.5049164891285048,0.47142186143841286,2026-02-05 09:49:15
36,sst2_client,sst2,0.9179866720820735,0.2449237343746562,66477,61025,0.9180390631996391,,,,,,0.9071100917431193,0.3358184782640769,872,791,0.9070118113214701,,,,0.9002293577981652,0.35612383264345504,872,785,0.9137760158572844,0.8865384615384615,0.9427402862985685,,,2026-02-05 09:49:55
36,qqp_client,qqp,0.8330318630861278,0.3713376543109791,323415,269415,0.8330234654269834,,,,,,0.8108382181989068,0.4658793965888036,40431,32783,0.8084868797816932,,,,0.8092058074249957,0.43255351081596294,40431,32717,0.7552043665905052,0.7161169956668272,0.7988050483351236,,,2026-02-05 09:53:17
37,stsb_client,stsb,0.5144135811027958,0.07763557648636345,4249,1233,,0.5144135811027958,0.5008270769830047,0.221208161381607,0.07776147933469355,0.27885745343220353,0.5120522169767497,0.07608059729806128,1500,493,,0.5120522169767497,0.47644277100424065,0.21417516469955444,0.9128856106890186,0.08711438927054405,1500,,,,,0.504061459183175,0.47111204371766296,2026-02-05 09:53:45
37,sst2_client,sst2,0.9169186335123426,0.24558725307988918,66477,60954,0.9169595802323255,,,,,,0.908256880733945,0.3364131547758407,872,792,0.9081144011129525,,,,0.9013761467889908,0.34943416075078226,872,786,0.9146825396825398,0.8882466281310212,0.9427402862985685,,,2026-02-05 09:54:25
37,qqp_client,qqp,0.8328370669263949,0.3713425343333756,323415,269352,0.8328649482502986,,,,,,0.8105661497365882,0.4686434093325059,40431,32772,0.8079131875479191,,,,0.8095768098736118,0.43197927356893345,40431,32732,0.7549415921316486,0.7178136916651534,0.7961197636949516,,,2026-02-05 09:57:48
38,stsb_client,stsb,0.5081642879526526,0.07865254986152417,4249,1228,,0.5081642879526526,0.49557650368213896,0.22211538031359726,0.07860946646872419,0.2803737977570732,0.5106203917488702,0.07661400566699895,1500,477,,0.5106203917488702,0.47550475088765515,0.21522945165634155,0.9129364212022993,0.08706357983748118,1500,,,,,0.5030530972689203,0.4700828046640407,2026-02-05 09:58:16
38,sst2_client,sst2,0.9178964153015329,0.24600497561009044,66477,61019,0.9179359450753503,,,,,,0.9071100917431193,0.33440925769183205,872,791,0.9070118113214701,,,,0.9013761467889908,0.348576701527094,872,786,0.9146825396825398,0.8882466281310212,0.9427402862985685,,,2026-02-05 09:58:56
38,qqp_client,qqp,0.8339811078645084,0.3701998936146118,323415,269722,0.8339254355914936,,,,,,0.8105661497365882,0.46597759114474435,40431,32772,0.8078874826103055,,,,0.8114318221166926,0.43134299220508476,40431,32807,0.7551859225483271,0.7238089375846363,0.789406552094522,,,2026-02-05 10:02:19
39,stsb_client,stsb,0.5030421634424395,0.08007080516431313,4249,1183,,0.5030421634424395,0.486041992824493,0.2260556542153487,0.08004321748945883,0.2829191006090943,0.5074289011909004,0.07709547417595032,1500,476,,0.5074289011909004,0.4743411325276768,0.2158651053905487,0.9137422527615935,0.08625774768988291,1500,,,,,0.5024404594732977,0.46979850810486695,2026-02-05 10:02:48
39,sst2_client,sst2,0.9175805165696407,0.24547542672594236,66477,60998,0.9176165602086549,,,,,,0.9094036697247706,0.3341915632091856,872,793,0.9092781714013418,,,,0.9013761467889908,0.345679697595588,872,786,0.9145129224652087,0.8897485493230174,0.9406952965235174,,,2026-02-05 10:03:27
39,qqp_client,qqp,0.8327102948224417,0.37041800741030617,323415,269311,0.832694617056808,,,,,,0.811332888130395,0.4651059762572521,40431,32803,0.8091356158409545,,,,0.8115554895995647,0.4306925066160603,40431,32812,0.7538208019645224,0.7266554538092569,0.7830961331901182,,,2026-02-05 10:06:51
40,stsb_client,stsb,0.5019792925890008,0.07986796368613727,4249,1163,,0.5019792925890008,0.4907238312460652,0.22523816781757222,0.07985338676544936,0.28258341558812217,0.5077123253578616,0.07808456152796428,1500,470,,0.5077123253578616,0.4748235596997068,0.21681401133537292,0.9141235629271091,0.08587643703321615,1500,,,,,0.5007481466843293,0.46904411082426284,2026-02-05 10:07:20
40,sst2_client,sst2,0.9181671856431548,0.2431901608813424,66477,61037,0.9181944350619279,,,,,,0.9071100917431193,0.3341089927018919,872,791,0.9070118113214701,,,,0.9002293577981652,0.3449663124250146,872,785,0.9134328358208955,0.8895348837209303,0.9386503067484663,,,2026-02-05 10:07:58
40,qqp_client,qqp,0.8339192678137997,0.3705193218194788,323415,269702,0.8339194117162434,,,,,,0.8103435482674186,0.4679042123518217,40431,32763,0.8078784847049395,,,,0.8115307561029903,0.43130157732459523,40431,32811,0.7526616463256297,0.7286324786324786,0.7783297529538131,,,2026-02-05 10:11:22
41,stsb_client,stsb,0.5065169948260677,0.07982022797191998,4249,1214,,0.5065169948260677,0.4910694162055987,0.2247015572437755,0.0799513533910945,0.2827567035298978,0.5056291892786589,0.0775849020128396,1500,474,,0.5056291892786589,0.47387920555250135,0.21673701703548431,0.9139827145439041,0.08601728614171346,1500,,,,,0.49966559735619875,0.46839092992958664,2026-02-05 10:11:50
41,sst2_client,sst2,0.9186335123426147,0.2426047489350627,66477,61068,0.9186588359048805,,,,,,0.9071100917431193,0.33400183862904004,872,791,0.9070118113214701,,,,0.9013761467889908,0.34236770694159024,872,786,0.9143426294820718,0.8912621359223301,0.9386503067484663,,,2026-02-05 10:12:29
41,qqp_client,qqp,0.8341078799684616,0.36897241488260313,323415,269763,0.8340683483574761,,,,,,0.8108629516954812,0.4653008429288052,40431,32784,0.8086374026016755,,,,0.811456555613267,0.4321164805552202,40431,32808,0.7509881422924901,0.731373671820322,0.7716836734693877,,,2026-02-05 10:15:55
42,stsb_client,stsb,0.4991587133745428,0.08108285606726724,4249,1159,,0.4991587133745428,0.4862956350283825,0.2278112463842026,0.08107292303542521,0.28473307330801106,0.5031015995504627,0.07854087135080803,1500,472,,0.5031015995504627,0.4715514332866974,0.2184009999036789,0.9145080507192369,0.0854919488231341,1500,,,,,0.49821916627712487,0.46758385877917874,2026-02-05 10:16:23
42,sst2_client,sst2,0.9179716292853167,0.2449142888977843,66477,61024,0.9180120570354646,,,,,,0.908256880733945,0.3335232314591749,872,792,0.90814493121807,,,,0.9013761467889908,0.3420131898083545,872,786,0.9143426294820718,0.8912621359223301,0.9386503067484663,,,2026-02-05 10:17:02
42,qqp_client,qqp,0.834033671907611,0.36998033573186184,323415,269739,0.8340002039582868,,,,,,0.8107145507160347,0.47122417455397675,40431,32778,0.8081983895850531,,,,0.8115802230961391,0.43263318012840646,40431,32813,0.750687262730724,0.7323754789272031,0.769938238453276,,,2026-02-05 10:20:25
43,stsb_client,stsb,0.51115215199375,0.07865039341627005,4249,1173,,0.51115215199375,0.5025639058150021,0.2234017946184204,0.07877771967427598,0.28067368895975264,0.5024134168186609,0.07939499999059642,1500,465,,0.5024134168186609,0.47142922919706376,0.21934710443019867,0.9134526373668025,0.08654736261069775,1500,,,,,0.4969872686743292,0.46691607936730134,2026-02-05 10:20:53
43,sst2_client,sst2,0.9160010229101795,0.2466266357596915,66477,60893,0.9160236319181987,,,,,,0.9071100917431193,0.32984953082365265,872,791,0.9070118113214701,,,,0.9013761467889908,0.34251107084255134,872,786,0.9143426294820718,0.8912621359223301,0.9386503067484663,,,2026-02-05 10:21:32
43,qqp_client,qqp,0.8340986039608552,0.3697198113141954,323415,269760,0.8341196929153858,,,,,,0.8107145507160347,0.4676106101588199,40431,32778,0.8081694082569056,,,,0.8116544235858624,0.43456564448726503,40431,32816,0.7490856370885366,0.7355853232382061,0.7630907626208379,,,2026-02-05 10:24:55
44,stsb_client,stsb,0.5200989817344319,0.07788164165970358,4249,1206,,0.5200989817344319,0.5105893629269201,0.2217413095957263,0.07778886355796405,0.2789065498656567,0.5007498538431423,0.08004814730164536,1500,462,,0.5007498538431423,0.470608201828627,0.22045119106769562,0.9132011632281603,0.08679883658389251,1500,,,,,0.4959085595633434,0.4664631605935384,2026-02-05 10:25:23
44,sst2_client,sst2,0.9184680415782902,0.2432544717138743,66477,61057,0.9185057000004208,,,,,,0.908256880733945,0.3320849967875877,872,792,0.90814493121807,,,,0.9048165137614679,0.33902631374610026,872,789,0.9170829170829171,0.896484375,0.9386503067484663,,,2026-02-05 10:26:02
44,qqp_client,qqp,0.8336657236058933,0.3697611686698751,323415,269620,0.8336294251305618,,,,,,0.8105908832331626,0.46949119870786804,40431,32773,0.8080095341584288,,,,0.8117533575721599,0.43536830238019597,40431,32820,0.747771333885667,0.7383991098893906,0.7573845327604726,,,2026-02-05 10:29:25
45,stsb_client,stsb,0.48741222469395107,0.08294408853144798,4249,1176,,0.48741222469395107,0.4720468733235778,0.2292840365308608,0.08304788055874732,0.288180291759772,0.4996887456078148,0.08000727939577972,1500,464,,0.4996887456078148,0.46991951655726,0.22033275663852692,0.913126283659238,0.08687371564904849,1500,,,,,0.49495060230746074,0.46594036595541966,2026-02-05 10:29:53
45,sst2_client,sst2,0.9168735051220723,0.2446633063496926,66477,60951,0.9169099943630374,,,,,,0.9071100917431193,0.3294477076013359,872,791,0.9070118113214701,,,,0.9048165137614679,0.3382107036747893,872,789,0.9170829170829171,0.896484375,0.9386503067484663,,,2026-02-05 10:30:32
45,qqp_client,qqp,0.8345407603234235,0.36947881599923593,323415,269903,0.8345476374029823,,,,,,0.8104424822537162,0.46862116220741096,40431,32767,0.8078006254561564,,,,0.8122480275036482,0.4365944617595418,40431,32840,0.7472783566934115,0.7412324152962155,0.7534237379162191,,,2026-02-05 10:33:56
46,stsb_client,stsb,0.5034357696455527,0.0816201723768915,4249,1158,,0.5034357696455527,0.4909303253216612,0.2272108044656365,0.08162297413207824,0.28569734708617484,0.49862949238044774,0.08015805362981368,1500,462,,0.49862949238044774,0.4690899595981515,0.22074776887893677,0.9133842478124736,0.08661575299501419,1500,,,,,0.494365933299572,0.46558944334229924,2026-02-05 10:34:25
46,sst2_client,sst2,0.9172194894474781,0.24583645850399966,66477,60974,0.9172424689599824,,,,,,0.9071100917431193,0.3300729265432258,872,791,0.9070118113214701,,,,0.908256880733945,0.3360259301336738,872,792,0.9198396793587175,0.9017681728880157,0.9386503067484663,,,2026-02-05 10:35:04
46,qqp_client,qqp,0.8345283923132817,0.36894689996290464,323415,269899,0.834544997819059,,,,,,0.8103435482674186,0.47051414442136236,40431,32763,0.8076008231973699,,,,0.8125200959659667,0.4375684638682844,40431,32851,0.7465391560222029,0.7437041972018654,0.7493958109559613,,,2026-02-05 10:38:29
47,stsb_client,stsb,0.5214763061025477,0.07717239161379132,4249,1242,,0.5214763061025477,0.514363283145727,0.2200951249182845,0.07719332897813755,0.27783687476311986,0.4971108109495683,0.08068279353307282,1500,457,,0.4971108109495683,0.4685306024216433,0.22154118120670319,0.9135331879162565,0.08646681309243043,1500,,,,,0.4933156027115411,0.4648466554857946,2026-02-05 10:38:57
47,sst2_client,sst2,0.9186034267491012,0.2414746001420518,66477,61066,0.9186216101178613,,,,,,0.9071100917431193,0.33005895012340275,872,791,0.9070118113214701,,,,0.908256880733945,0.3353558822210297,872,792,0.9198396793587175,0.9017681728880157,0.9386503067484663,,,2026-02-05 10:39:37
47,qqp_client,qqp,0.8344078042143994,0.3684373391865966,323415,269860,0.8344222759420699,,,,,,0.8103930152605674,0.47131761479706347,40431,32765,0.8077321204301381,,,,0.8125942964556899,0.4388427410971042,40431,32854,0.745456377868109,0.7460829802972228,0.7448308270676691,,,2026-02-05 10:43:00
48,stsb_client,stsb,0.5009554789894466,0.0809477728973598,4249,1163,,0.5009554789894466,0.4883532180394594,0.22639240075260486,0.08102836153544084,0.2846548111932079,0.49643913622466723,0.08048950154037077,1500,461,,0.49643913622466723,0.4681291405297785,0.221213698387146,0.9133984961722016,0.08660150329768658,1500,,,,,0.4921299786048452,0.46413939691509026,2026-02-05 10:43:29
48,sst2_client,sst2,0.9177008589436948,0.2440448537909215,66477,61006,0.917720921415618,,,,,,0.908256880733945,0.32962837009081924,872,792,0.90814493121807,,,,0.908256880733945,0.33521994599247984,872,792,0.9198396793587175,0.9017681728880157,0.9386503067484663,,,2026-02-05 10:44:07
48,qqp_client,qqp,0.8334647434410897,0.3700850927360679,323415,269555,0.8334705122366444,,,,,,0.810368281763993,0.4699130105608385,40431,32764,0.8077491992748326,,,,0.8120996265242018,0.44086639332767913,40431,32834,0.7437341878900321,0.7474405044409791,0.7400644468313641,,,2026-02-05 10:47:33
49,stsb_client,stsb,0.49436062113969087,0.08121449728076227,4249,1110,,0.49436062113969087,0.4818952760666654,0.22855560009574458,0.08128306125326656,0.28510184365111807,0.49449863686941514,0.08132838682231909,1500,456,,0.49449863686941514,0.4667164577663385,0.2222946137189865,0.9139501110046341,0.08604988983273507,1500,,,,,0.49137791344136167,0.4636864994919923,2026-02-05 10:48:00
49,sst2_client,sst2,0.9177911157242354,0.2434162444479679,66477,61012,0.9178092007431301,,,,,,0.908256880733945,0.3287698974429177,872,792,0.90814493121807,,,,0.9094036697247706,0.33426183066117243,872,793,0.9207622868605817,0.9035433070866141,0.9386503067484663,,,2026-02-05 10:48:40
49,qqp_client,qqp,0.8341078799684616,0.3693201358963605,323415,269763,0.8340931980845256,,,,,,0.8105908832331626,0.4682527742425822,40431,32773,0.8081398293741566,,,,0.8123716949865203,0.4421576093206019,40431,32845,0.743247816963379,0.7494880546075086,0.7371106337271751,,,2026-02-05 10:52:04
50,stsb_client,stsb,0.49660180773160967,0.0819596326244729,4249,1128,,0.49660180773160967,0.48271882237593444,0.22860258753911436,0.08187365601509368,0.2861357300567227,0.4933110700086576,0.08173547722795542,1500,454,,0.4933110700086576,0.4655789045341313,0.22325223684310913,0.9140596449100084,0.08594035537044208,1500,,,,,0.4903331380238511,0.46303553331722364,2026-02-05 10:52:33
50,sst2_client,sst2,0.9172495750409916,0.2452373744916604,66477,60976,0.9172728252139714,,,,,,0.908256880733945,0.32817187583300395,872,792,0.90814493121807,,,,0.9094036697247706,0.33316922263208126,872,793,0.9207622868605817,0.9035433070866141,0.9386503067484663,,,2026-02-05 10:53:12
50,qqp_client,qqp,0.835047848739236,0.36893935214677803,323415,270067,0.8350575587725795,,,,,,0.8104919492468651,0.47051424936069947,40431,32769,0.8077698504091622,,,,0.8121738270139249,0.44349511791191,40431,32837,0.7422092470636161,0.7507210548001648,0.7338882921589689,,,2026-02-05 10:56:37
