accuracy,client_id,device_type,gpu_id,gpu_memory_allocated_gb,gpu_memory_reserved_gb,gpu_memory_total_gb,gpu_memory_utilization_pct,gpu_name,loss,phase,round,samples_processed,task,timestamp
0.0,stsb_client,cuda,0,0.056314368,0.159383552,25.756696576,0.21863971504976895,NVIDIA RTX A5000,0.0,training_start,1,0,all_tasks,2026-02-10 11:09:36
0.70482219071466,stsb_client,cuda,0,0.20079616,0.295698432,25.756696576,0.77958817198282,NVIDIA RTX A5000,0.04631880522422016,task_complete,1,4249,stsb,2026-02-10 11:12:03
0.0,stsb_client,cuda,0,0.249630208,0.312475648,25.756696576,0.9691856533830683,NVIDIA RTX A5000,0.0,round_complete,1,0,all_tasks,2026-02-10 11:12:25
0.0,stsb_client,cuda,0,0.200795136,0.350224384,25.756696576,0.7795841963177071,NVIDIA RTX A5000,0.0,training_start,2,0,all_tasks,2026-02-10 12:07:31
0.7543814170780236,stsb_client,cuda,0,0.20079616,0.295698432,25.756696576,0.77958817198282,NVIDIA RTX A5000,0.037426918929729866,task_complete,2,4249,stsb,2026-02-10 12:10:00
0.0,stsb_client,cuda,0,0.249630208,0.312475648,25.756696576,0.9691856533830683,NVIDIA RTX A5000,0.0,round_complete,2,0,all_tasks,2026-02-10 12:10:23
0.0,stsb_client,cuda,0,0.200795136,0.350224384,25.756696576,0.7795841963177071,NVIDIA RTX A5000,0.0,training_start,3,0,all_tasks,2026-02-10 13:05:19
0.8430082614980895,stsb_client,cuda,0,0.20079616,0.295698432,25.756696576,0.77958817198282,NVIDIA RTX A5000,0.02488203850728845,task_complete,3,4249,stsb,2026-02-10 13:07:48
0.0,stsb_client,cuda,0,0.249630208,0.312475648,25.756696576,0.9691856533830683,NVIDIA RTX A5000,0.0,round_complete,3,0,all_tasks,2026-02-10 13:08:10
